{"period": 1, "digitNum": 8, "region": {"x0": 0.21272727272727274, "y0": 0.22938144329896906, "x1": 0.7418181818181818, "y1": 0.36082474226804123}}