{"period": 1, "digitNum": 8, "region": {"x0": 0.34375, "y0": 0.3125, "x1": 0.76875, "y1": 0.39690721649484534}}
