{"period": 1, "digitNum": 8, "region": {"x0": 0.5672727272727273, "y0": 0.5798969072164949, "x1": 0.6854545454545454, "y1": 0.6262886597938144}}