{"period": 1, "digitNum": 8, "region": {"x0": 0.3018181818181818, "y0": 0.29896907216494845, "x1": 0.6636363636363637, "y1": 0.41494845360824745}}