{"period": 1, "digitNum": 8, "region": {"x0": 0.26, "y0": 0.31958762886597936, "x1": 0.7145454545454546, "y1": 0.4097938144329897}}