{"period": 1, "digitNum": 7, "region": {"x0": 0.29818181818181816, "y0": 0.4072164948453608, "x1": 0.6236363636363637, "y1": 0.5231958762886598}}