{"period": 1, "digitNum": 8, "region": {"x0": 0.32181818181818184, "y0": 0.3634020618556701, "x1": 0.6709090909090909, "y1": 0.45103092783505155}}