{"period": 1, "digitNum": 7, "region": {"x0": 0.429042904290429, "y0": 0.20103092783505155, "x1": 0.6248624862486248, "y1": 0.26804123711340205}}