{"period": 1, "digitNum": 8, "region": {"x0": 0.30363636363636365, "y0": 0.3943298969072165, "x1": 0.6327272727272727, "y1": 0.48711340206185566}}