{"period": 1, "digitNum": 6, "region": {"x0": 0.14727272727272728, "y0": 0.25257731958762886, "x1": 0.7636363636363637, "y1": 0.37628865979381443}}