{"period": 1, "digitNum": 7, "region": {"x0": 0.3327272727272727, "y0": 0.3582474226804124, "x1": 0.6836363636363636, "y1": 0.4381443298969072}}