{"period": 1, "digitNum": 7, "region": {"x0": 0.6181818181818182, "y0": 0.45618556701030927, "x1": 0.769090909090909, "y1": 0.5051546391752577}}