{"period": 1, "digitNum": 8, "region": {"x0": 0.5927272727272728, "y0": 0.2706185567010309, "x1": 0.7854545454545454, "y1": 0.36082474226804123}}