{"period": 1, "digitNum": 8, "region": {"x0": 0.5527272727272727, "y0": 0.2268041237113402, "x1": 0.889090909090909, "y1": 0.39690721649484534}}