{"period": 1, "digitNum": 8, "region": {"x0": 0.2781818181818182, "y0": 0.20618556701030927, "x1": 0.8272727272727273, "y1": 0.35309278350515466}}