{"period": 1, "digitNum": 8, "region": {"x0": 0.2690909090909091, "y0": 0.08933002481389578, "x1": 0.8036363636363636, "y1": 0.19851116625310175}}