{"period": 1, "digitNum": 8, "region": {"x0": 0.2781818181818182, "y0": 0.28350515463917525, "x1": 0.7963636363636364, "y1": 0.39690721649484534}}