{"period": 1, "digitNum": 8, "region": {"x0": 0.10363636363636364, "y0": 0.2809278350515464, "x1": 0.6781818181818182, "y1": 0.4072164948453608}}